{
    "hierarchyObjectMode": 2,
    "showHierarchyToggles": true,
    "showComponentIcons": true,
    "showTreeMap": true,
    "treeMapColor": {
        "r": 0.529411792755127,
        "g": 0.529411792755127,
        "b": 0.529411792755127,
        "a": 0.45098039507865908
    },
    "showSeparator": true,
    "showRowShading": true,
    "separatorColor": {
        "r": 0.1899999976158142,
        "g": 0.1899999976158142,
        "b": 0.1899999976158142,
        "a": 0.0
    },
    "evenRowColor": {
        "r": 0.0,
        "g": 0.0,
        "b": 0.0,
        "a": 0.07000000029802323
    },
    "oddRowColor": {
        "r": 0.0,
        "g": 0.0,
        "b": 0.0,
        "a": 0.0
    }
}